Workbook

Sheet Instructions
B2: ISO 9001:2015 Gap Assessment Workbook
B3: Clauses 4–10 | Field tool for client readiness assessments
B5: How to use
B6: 1. Set up | C6: Enter the client, site, scope, auditor and date on the Summary sheet.
B7: 2. Assess | C7: On the Checklist sheet, work clause by clause: ask the audit question, request the evidence, and compare against the common findings.
B8: 3. Record | C8: Fill the shaded cells only: Status (dropdown), Evidence seen / notes, Owner, Target date.
B9: 4. Review | C9: The Summary sheet updates automatically from your statuses.
B10: Status values | C10: Conforming | Minor gap | Major gap | Not applicable (justify in notes) | Not assessed (default)
B11: Legend | C11: Shaded cream cells = your input. Everything else is reference content or formulas.
B12: Important | C12: Clause text is paraphrased for field use. Always verify requirements against the licensed standard. This workbook supports, and does not replace, auditor judgment. Findings are indicative, not a certification decision.
B13: AI-assisted use | C13: See the AI Use Guide sheet for where AI helps, what to keep out of it, and starter prompts.
B15: Example of a completed row
B16: Ref / Clause | C16: 7.1.5 Monitoring and measuring resources
B17: Status | C17: Minor gap
B18: Evidence seen / notes | C18: Calibration register reviewed; 3 of 40 gauges past due date (micrometers M-12, M-17, M-22). No impact assessment on file for M-17 found out of tolerance in March.
B19: Owner | C19: Quality Manager
B20: Target date | C20: 2026-11-30
B22: Copyright | C22: © 2026 Cristian La Bella Consulting. All rights reserved. Not for resale or redistribution without written permission. This workbook is provided for professional and informational purposes only and does not constitute certification, legal or regulatory advice. ISO 9001 is a trademark of its respective owner; clause references are paraphrased and do not replace the licensed standard.

Sheet Summary
B2: Assessment Summary
B4: Client
B5: Site / scope
B6: Auditor
B7: Assessment date
B9: Clause | C9: Items | D9: Conforming | E9: Minor gap | F9: Major gap | G9: Not applicable | H9: Not assessed | I9: Conformity %
B10: 4 Context of the organization | C10: =COUNTIF(Checklist!$L$2:$L$37,4) -> 4 | D10: =COUNTIFS(Checklist!$L$2:$L$37,4,Checklist!$H$2:$H$37,"Conforming") -> 0 | E10: =COUNTIFS(Checklist!$L$2:$L$37,4,Checklist!$H$2:$H$37,"Minor gap") -> 0 | F10: =COUNTIFS(Checklist!$L$2:$L$37,4,Checklist!$H$2:$H$37,"Major gap") -> 0 | G10: =COUNTIFS(Checklist!$L$2:$L$37,4,Checklist!$H$2:$H$37,"Not applicable") -> 0 | H10: =COUNTIFS(Checklist!$L$2:$L$37,4,Checklist!$H$2:$H$37,"Not assessed") -> 4 | I10: =IF((C10-G10-H10)=0,"n/a",D10/(C10-G10-H10)) -> n/a
B11: 5 Leadership | C11: =COUNTIF(Checklist!$L$2:$L$37,5) -> 3 | D11: =COUNTIFS(Checklist!$L$2:$L$37,5,Checklist!$H$2:$H$37,"Conforming") -> 0 | E11: =COUNTIFS(Checklist!$L$2:$L$37,5,Checklist!$H$2:$H$37,"Minor gap") -> 0 | F11: =COUNTIFS(Checklist!$L$2:$L$37,5,Checklist!$H$2:$H$37,"Major gap") -> 0 | G11: =COUNTIFS(Checklist!$L$2:$L$37,5,Checklist!$H$2:$H$37,"Not applicable") -> 0 | H11: =COUNTIFS(Checklist!$L$2:$L$37,5,Checklist!$H$2:$H$37,"Not assessed") -> 3 | I11: =IF((C11-G11-H11)=0,"n/a",D11/(C11-G11-H11)) -> n/a
B12: 6 Planning | C12: =COUNTIF(Checklist!$L$2:$L$37,6) -> 3 | D12: =COUNTIFS(Checklist!$L$2:$L$37,6,Checklist!$H$2:$H$37,"Conforming") -> 0 | E12: =COUNTIFS(Checklist!$L$2:$L$37,6,Checklist!$H$2:$H$37,"Minor gap") -> 0 | F12: =COUNTIFS(Checklist!$L$2:$L$37,6,Checklist!$H$2:$H$37,"Major gap") -> 0 | G12: =COUNTIFS(Checklist!$L$2:$L$37,6,Checklist!$H$2:$H$37,"Not applicable") -> 0 | H12: =COUNTIFS(Checklist!$L$2:$L$37,6,Checklist!$H$2:$H$37,"Not assessed") -> 3 | I12: =IF((C12-G12-H12)=0,"n/a",D12/(C12-G12-H12)) -> n/a
B13: 7 Support | C13: =COUNTIF(Checklist!$L$2:$L$37,7) -> 7 | D13: =COUNTIFS(Checklist!$L$2:$L$37,7,Checklist!$H$2:$H$37,"Conforming") -> 0 | E13: =COUNTIFS(Checklist!$L$2:$L$37,7,Checklist!$H$2:$H$37,"Minor gap") -> 0 | F13: =COUNTIFS(Checklist!$L$2:$L$37,7,Checklist!$H$2:$H$37,"Major gap") -> 0 | G13: =COUNTIFS(Checklist!$L$2:$L$37,7,Checklist!$H$2:$H$37,"Not applicable") -> 0 | H13: =COUNTIFS(Checklist!$L$2:$L$37,7,Checklist!$H$2:$H$37,"Not assessed") -> 7 | I13: =IF((C13-G13-H13)=0,"n/a",D13/(C13-G13-H13)) -> n/a
B14: 8 Operation | C14: =COUNTIF(Checklist!$L$2:$L$37,8) -> 12 | D14: =COUNTIFS(Checklist!$L$2:$L$37,8,Checklist!$H$2:$H$37,"Conforming") -> 0 | E14: =COUNTIFS(Checklist!$L$2:$L$37,8,Checklist!$H$2:$H$37,"Minor gap") -> 0 | F14: =COUNTIFS(Checklist!$L$2:$L$37,8,Checklist!$H$2:$H$37,"Major gap") -> 0 | G14: =COUNTIFS(Checklist!$L$2:$L$37,8,Checklist!$H$2:$H$37,"Not applicable") -> 0 | H14: =COUNTIFS(Checklist!$L$2:$L$37,8,Checklist!$H$2:$H$37,"Not assessed") -> 12 | I14: =IF((C14-G14-H14)=0,"n/a",D14/(C14-G14-H14)) -> n/a
B15: 9 Performance evaluation | C15: =COUNTIF(Checklist!$L$2:$L$37,9) -> 4 | D15: =COUNTIFS(Checklist!$L$2:$L$37,9,Checklist!$H$2:$H$37,"Conforming") -> 0 | E15: =COUNTIFS(Checklist!$L$2:$L$37,9,Checklist!$H$2:$H$37,"Minor gap") -> 0 | F15: =COUNTIFS(Checklist!$L$2:$L$37,9,Checklist!$H$2:$H$37,"Major gap") -> 0 | G15: =COUNTIFS(Checklist!$L$2:$L$37,9,Checklist!$H$2:$H$37,"Not applicable") -> 0 | H15: =COUNTIFS(Checklist!$L$2:$L$37,9,Checklist!$H$2:$H$37,"Not assessed") -> 4 | I15: =IF((C15-G15-H15)=0,"n/a",D15/(C15-G15-H15)) -> n/a
B16: 10 Improvement | C16: =COUNTIF(Checklist!$L$2:$L$37,10) -> 3 | D16: =COUNTIFS(Checklist!$L$2:$L$37,10,Checklist!$H$2:$H$37,"Conforming") -> 0 | E16: =COUNTIFS(Checklist!$L$2:$L$37,10,Checklist!$H$2:$H$37,"Minor gap") -> 0 | F16: =COUNTIFS(Checklist!$L$2:$L$37,10,Checklist!$H$2:$H$37,"Major gap") -> 0 | G16: =COUNTIFS(Checklist!$L$2:$L$37,10,Checklist!$H$2:$H$37,"Not applicable") -> 0 | H16: =COUNTIFS(Checklist!$L$2:$L$37,10,Checklist!$H$2:$H$37,"Not assessed") -> 3 | I16: =IF((C16-G16-H16)=0,"n/a",D16/(C16-G16-H16)) -> n/a
B17: TOTAL | C17: =SUM(C10:C16) -> 36 | D17: =SUM(D10:D16) -> 0 | E17: =SUM(E10:E16) -> 0 | F17: =SUM(F10:F16) -> 0 | G17: =SUM(G10:G16) -> 0 | H17: =SUM(H10:H16) -> 36 | I17: =IF((C17-G17-H17)=0,"n/a",D17/(C17-G17-H17)) -> n/a
B19: Assessed % | C19: =IF(C17=0,0,(C17-H17)/C17) -> 0
B20: Open gaps (minor + major) | C20: =E17+F17 -> 0
B22: Note | C22: Conformity % = Conforming ÷ (Items − Not applicable − Not assessed). Items with no status yet are excluded until assessed. Indicative readiness measure only; not a certification outcome.
B24: © 2026 Cristian La Bella Consulting. All rights reserved. Not for resale or redistribution without written permission.

Sheet Checklist
A1: Clause | B1: Title | C1: Requirement (paraphrased) | D1: Audit question | E1: Objective evidence to request | F1: Common findings | G1: Follow-up questions | H1: Status | I1: Evidence seen / notes | J1: Owner | K1: Target date | L1: Main clause
A2: 4.1 | B2: Context of the organization | C2: Determine external and internal issues relevant to purpose and strategic direction, and monitor them. | D2: How does the organization identify and review the issues that affect its ability to deliver conforming products? | E2: Documented context analysis (e.g. SWOT/PESTLE), strategy or business plan, management review inputs. | F2: Context analysis exists but is never reviewed or linked to risk planning; generic text copied from a template. | G2: When was it last updated? Which issue led to an actual change in the QMS? | H2: Not assessed | L2: =VALUE(LEFT(A2,FIND(".",A2)-1)) -> 4
A3: 4.2 | B3: Interested parties | C3: Determine relevant interested parties and their requirements, and monitor them. | D3: Who are the relevant interested parties and which of their requirements become QMS requirements? | E3: Interested-party register, customer contracts and flow-downs, regulatory requirements list. | F3: Register lists parties but not their requirements; regulators and key suppliers missing. | G3: How are changes in customer or regulatory requirements captured and communicated? | H3: Not assessed | L3: =VALUE(LEFT(A3,FIND(".",A3)-1)) -> 4
A4: 4.3 | B4: Scope of the QMS | C4: Define boundaries and applicability of the QMS, including products, services and justified exclusions. | D4: What is the QMS scope, and is any requirement excluded? What is the justification? | E4: Scope statement, site list, product/service list, exclusion justification. | F4: Scope does not match actual activities; exclusions (e.g. design) not justified or contradicted by practice. | G4: Does the scope cover all sites, shifts and outsourced processes affecting conformity? | H4: Not assessed | L4: =VALUE(LEFT(A4,FIND(".",A4)-1)) -> 4
A5: 4.4 | B5: QMS and its processes | C5: Establish the processes needed, their inputs, outputs, sequence, interaction, criteria, resources, responsibilities and risks. | D5: Can you show the process map and how each process is controlled and measured? | E5: Process map or turtle diagrams, process owners list, KPIs per process, procedures. | F5: Processes defined on paper but no owner or measurable output; interactions between processes unclear. | G5: Who owns each process? How does a KPI trigger action when off target? | H5: Not assessed | L5: =VALUE(LEFT(A5,FIND(".",A5)-1)) -> 4
A6: 5.1 | B6: Leadership and commitment (incl. customer focus) | C6: Top management takes accountability for the QMS, integrates it into business, promotes process approach and risk-based thinking, and maintains customer focus. | D6: How does top management demonstrate ownership of the QMS and focus on customer requirements and satisfaction? | E6: Management review minutes, resourcing decisions, customer-requirement reviews, delivery and quality KPI reviews. | F6: Quality delegated entirely to the quality manager; management cannot explain objectives or KPIs. | G6: What decisions did top management take in the last 12 months because of QMS data? | H6: Not assessed | L6: =VALUE(LEFT(A6,FIND(".",A6)-1)) -> 5
A7: 5.2 | B7: Quality policy | C7: Establish, communicate, maintain and make available a quality policy that fits context and supports objectives. | D7: Is the policy appropriate, communicated, understood and available to interested parties? | E7: Signed and current policy, display locations, induction material, staff interview responses. | F7: Policy outdated or not understood by staff; no link to objectives. | G7: Ask three employees what the policy means for their job. | H7: Not assessed | L7: =VALUE(LEFT(A7,FIND(".",A7)-1)) -> 5
A8: 5.3 | B8: Roles, responsibilities and authorities | C8: Assign and communicate responsibilities and authorities for QMS roles, including reporting on performance. | D8: How are QMS responsibilities and authorities assigned and communicated? | E8: Organization chart, job descriptions, authority matrix, appointment letters. | F8: Org chart outdated; no clear person with authority to stop nonconforming work or report QMS performance. | G8: Who can stop a shipment? Is that authority written down? | H8: Not assessed | L8: =VALUE(LEFT(A8,FIND(".",A8)-1)) -> 5
A9: 6.1 | B9: Risks and opportunities | C9: Plan actions to address risks and opportunities, integrate them into QMS processes and evaluate effectiveness. | D9: How were risks and opportunities determined, and how are the resulting actions tracked for effectiveness? | E9: Risk register, FMEA, action plans, evidence of effectiveness review. | F9: Single risk list made once for the audit; no actions, owners or effectiveness check. | G9: Show a risk that materialized. Was it anticipated? | H9: Not assessed | L9: =VALUE(LEFT(A9,FIND(".",A9)-1)) -> 6
A10: 6.2 | B10: Quality objectives | C10: Set measurable quality objectives at relevant functions and levels, with plans to achieve them. | D10: What are the quality objectives, who owns them and how are they monitored? | E10: Objectives with targets, owners, methods and timelines; monitoring records. | F10: Objectives not measurable or not tracked; no plan to achieve them. | G10: What happened when an objective was missed? | H10: Not assessed | L10: =VALUE(LEFT(A10,FIND(".",A10)-1)) -> 6
A11: 6.3 | B11: Planning of changes | C11: Carry out changes to the QMS in a planned manner considering purpose, consequences, resources and responsibilities. | D11: How are QMS changes (new process, site, system, organization) planned and controlled? | E11: Change records, impact assessments, communication records. | F11: Changes made informally; no assessment of impact on QMS integrity. | G11: Show the last significant change and how its impact was evaluated. | H11: Not assessed | L11: =VALUE(LEFT(A11,FIND(".",A11)-1)) -> 6
A12: 7.1.1-7.1.4 | B12: Resources: general, people, infrastructure, environment | C12: Determine and provide people, infrastructure and the environment needed for process operation and conformity of products. | D12: How does the organization determine and provide the people, equipment and working environment it needs? | E12: Resource plans, headcount versus workload, maintenance schedules and records, environmental controls (temperature, cleanliness, ESD). | F12: Preventive maintenance overdue; environmental conditions not monitored where they affect product. | G12: How are resource gaps escalated? Show the maintenance backlog. | H12: Not assessed | L12: =VALUE(LEFT(A12,FIND(".",A12)-1)) -> 7
A13: 7.1.5 | B13: Monitoring and measuring resources | C13: Ensure measurement equipment is suitable, maintained, calibrated or verified against traceable standards, and protected from invalidation. | D13: How is measurement equipment controlled and what happens when it is found out of tolerance? | E13: Calibration register, certificates with traceability, out-of-tolerance impact assessments, labelling. | F13: Overdue calibration; no impact assessment for out-of-tolerance finds; uncontrolled personal tools. | G13: Pick five gauges at random and trace each to its certificate. | H13: Not assessed | L13: =VALUE(LEFT(A13,FIND(".",A13)-1)) -> 7
... A37: 10.3 | B37: Continual improvement | C37: Continually improve the suitability, adequacy and effectiveness of the QMS using analysis and management review outputs. | D37: What evidence shows the QMS is improving over time? | E37: Trend of KPIs over multiple periods, improvement projects, management review outputs. | F37: Flat or declining trends with no response. | G37: Compare three years of key metrics and discuss what changed. | H37: Not assessed | L37: =VALUE(LEFT(A37,FIND(".",A37)-1)) -> 10

Sheet AI Use Guide
B2: Using AI Safely in an Audit Workflow
B4: Where AI helps
B5: Draft questions | C5: Generate additional audit questions tailored to a client's process or product.
B6: Evidence lists | C6: Turn a clause into a request-for-evidence list to send before the audit.
B7: Finding wording | C7: Draft clear, factual finding statements from your raw notes (you verify every word).
B8: Summaries | C8: Summarize long procedures or prior reports to prepare faster.
B9: Guardrails
B10: Confidentiality | C10: Do not enter client names, part numbers, drawings, contract terms or export-controlled data. Sanitize first (e.g. 'Client A', 'Part X').
B11: Verification | C11: AI can misstate requirements. Check every clause reference against the licensed standard.
B12: Judgment | C12: Classification of findings (minor/major) and conclusions remain the auditor's decision.
B13: Record | C13: Note in the audit file where AI assisted drafting.
B14: Starter prompts
B15: Evidence request | C15: "Act as an ISO 9001:2015 auditor. For clause 8.4, list the documents and records I should request from a small machining supplier. Use generic placeholders; no client data."
B16: Finding draft | C16: "Rewrite these notes as a factual nonconformity statement: requirement, evidence observed, gap. Notes: [sanitized notes]."
B17: Interview prep | C17: "Suggest 8 open-ended interview questions for a production supervisor about clause 8.5.1, avoiding leading questions."
B19: © 2026 Cristian La Bella Consulting. All rights reserved. Not for resale or redistribution without written permission.
